预测日期,目标日期,排名,代码,名称,市场,预测类型,预测逻辑,触发条件,失效条件,收盘价,涨跌幅,是否触发,是否失效,复盘结果,复盘备注,是否计入准确率
2026/6/14,2026/6/15,10,9660.HK,地平线机器人-W,港股,弹性观察,AI/机器人高弹性观察，验证是否跟随主线,强于恒指并出现短线承接,跌破短线支撑,4.65,-1.06%,否,否,未命中,根据复盘报告重建。没有体现AI/机器人弹性，暂不纳入执行。,是
2026/6/14,2026/6/15,11,2432.HK,越疆,港股,弹性观察,机器人高弹性观察，验证是否有短线共振,强于恒指并有承接,冲高回落或弱于机器人链,28.34,1.65%,是,否,部分命中,根据复盘报告重建。小幅修复但强度一般。,是
2026/6/14,2026/6/15,4,0981.HK,中芯国际,港股,核心承接,港股半导体主线，观察是否继续站稳短线平台,站稳短线平台且强于同类,跌破短线平台下方,76.65,6.98%,是,否,命中,根据复盘报告重建。港股半导体主线兑现，第一梯队命中。,是
2026/6/14,2026/6/15,5,1810.HK,小米集团-W,港股,稳健观察,AI终端/智能硬件方向，观察是否走强,继续放量且强于恒指,冲高回落且弱于港股科技,26.26,0.23%,否,否,未命中,根据复盘报告重建。未体现主线强度，降为观察。,是
2026/6/14,2026/6/15,9,9880.HK,优必选,港股,弹性观察,机器人高弹性方向，观察是否继续发酵,高弹性方向发酵且强于恒指,冲高回落或跌破短线支撑,113.50,6.27%,是,否,命中,根据复盘报告重建。高弹性兑现，命中。,是
2026/6/15,2026/6/16,2,0981.HK,中芯国际,港股,核心承接,半导体主线兑现后观察76-77港元附近能否站稳,站稳76-77港元且强于同类,跌回76港元下方,74.00,-3.46%,否,是,未命中,收盘74.00，较前日-3.46%，跌回76港元下方，核心承接判断失效。,是
2026/6/15,2026/6/16,8,06613.HK,蓝思科技H,港股,弹性进攻,港股AI硬件强势后看次日承接,继续放量且强于恒指并不冲高回落,明显跌回前日突破位,27.82,5.62%,是,否,命中,收盘27.82，较前日+5.62%，延续放量强势且收盘接近高位。,是
2026/6/16,2026/6/17,3,06613.HK,蓝思科技H,港股,非规则票,港股AI硬件延续强势，核心短线继续上攻,站稳27.5并强于恒指,跌破26.8或冲高回落,28.28,7.37%,是,否,命中,非原交易规则票。收盘28.28，较前日+7.37%，强于恒指并站稳27.5。,是
2026/6/17,2026/6/18,3,06613.HK,蓝思科技H,港股,弹性进攻,AI硬件/消费电子强势后观察是否继续放量上冲,站稳27.5-28.0，突破29.1更强,跌回27.0且冲高回落明显,29.96,+5.94%,是,否,命中,收盘29.96港元，较前日+5.94%，站稳27.5-28.0并突破29.1，弹性进攻确认命中。此前误把昨收28.28录成今日收盘，已更正。,是
2026/6/21,2026/6/22,2,06613.HK,蓝思科技H,港股,弹性进攻,AI硬件和人工智能消费政策共振，观察强势后能否继续站稳,守住29.5-30.0且强于恒科；突破31更强,跌回29.0且冲高回落明显,27.52,-8.14%,是,是,未命中,2026-06-22高开至31上方后收27.52，-8.14%；盘中一度触发突破31，但收盘跌回29下方且冲高回落明显，弹性进攻失效。,是
2026/6/21,2026/6/22,8,09880.HK,优必选,港股,非规则票,人工智能消费和机器人政策催化下的港股机器人弹性观察,强于恒科并站稳近期短线平台,高开冲高回落或跌破短线支撑,105.00,-3.05%,否,是,未命中,非规则票。2026-06-22收盘105.00港元，-3.05%；高开后回落，未体现强于恒科的机器人弹性，博弈失败。,是
2026/7/8,2026/7/9,1,09988.HK,阿里巴巴-W,港股,稳健观察,7月8日港股科技主线集体修复，阿里巴巴-W收107.50，日内从96.55低位拉回，成交显著放大；属于本轮港股互联网修复的核心锚。高波动后只看回踩承接，不追高。,最佳买点：回踩102.5-105.0不破，重新站回108.5；若高开超过4%，等30分钟后仍守105且尾盘站回108.5。,跌破100.0降级；放量跌破96.5视为失效。若冲高112上方后收盘跌回105下方，按未命中处理。,108.00,+0.47%,否,否,部分命中,收盘108.00；低点107.50高于102.5-105承接区，但收盘未站回108.5触发位。守承接但未完成确认，记部分命中。,是
2026/7/8,2026/7/9,2,00700.HK,腾讯控股,港股,稳健观察,腾讯控股7月8日收478.80，互联网龙头中波动低于阿里和快手，是港股科技修复中的稳健样本；适合作为恒科强弱的核心观察票。,最佳买点：回踩468-474不破，重新站回482；若直接冲490上方，不追，只看尾盘是否站稳482。,跌破462降级；放量跌破456视为失效。若恒科转弱且腾讯收回474下方，按未触发处理。,469.60,-1.92%,否,否,部分命中,收盘469.60；低点467.20接近468-474承接区下沿，未跌破462降级线，但收盘未站回482触发位，记部分命中。,是
2026/7/8,2026/7/9,3,00981.HK,中芯国际,港股,稳健观察,港股中芯国际7月8日收75.80，日内最高79.50后回落，半导体映射明确但上影线较长；只适合看回踩不破后的收盘确认。,最佳买点：回踩73.5-75.0不破，重新站回77.0；若盘中上79但收盘低于77，不算升级。,跌破72.0降级；放量跌破70.0视为失效。若A股半导体弱化且港股SMIC低于75，降低权重。,83.55,+10.22%,是,否,命中,收盘83.55；低点76.65守住73.5-75承接区上方，收盘站上77触发位，港股半导体兑现。,是
2026/7/8,2026/7/9,4,01810.HK,小米集团-W,港股,条件观察-AI终端/汽车,小米集团-W 7月8日收25.30，科技消费和汽车链修复弹性较强；但日内涨幅大，明天只能等回踩承接，不直接追。,升级条件：回踩24.3-24.8不破，14:30后站回25.6；若高开超过4%且30分钟内跌回25下方，不买。,跌破23.8降级；放量跌破23.3视为失效。若恒科强但小米弱于指数，不升级。,25.00,-1.19%,否,否,部分命中,收盘25.00；低点24.48守住24.3-24.8承接区，但收盘未站回25.6升级位，记部分命中。,是
2026/7/8,2026/7/9,5,01024.HK,快手-W,港股,条件观察-互联网弹性,快手-W 7月8日收43.98，日内高低波动大，属于互联网修复中的高弹性分支；可观察但不作为稳健主仓。,升级条件：回踩42.0-43.0不破，尾盘站回44.6；若只盘中冲高、收盘低于43，不升级。,跌破41.0降级；放量跌破40.0视为失效。若互联网板块只有阿里独强，快手不升级。,42.10,-4.27%,否,否,部分命中,收盘42.10；低点42.02守住42-43承接区下沿，未跌破40失效位，但未站回44.6升级位，记部分命中。,是
2026/7/8,2026/7/9,6,03690.HK,美团-W,港股,条件观察-互联网消费,美团-W 7月8日收80.90，修复力度落后阿里但走势较稳；适合作为互联网消费线是否扩散的条件观察样本。,升级条件：回踩78.0-79.5不破，尾盘站回81.5；若收盘仍低于80，不升级。,跌破77.5降级；放量跌破75.5视为失效。若消费互联网弱于恒科，放弃。,78.50,-2.97%,否,否,部分命中,收盘78.50；低点78.20在78-79.5承接区内，未站回81.5升级位，记部分命中。,是
2026/7/8,2026/7/9,7,01347.HK,华虹半导体,港股,非规则观察-半导体弹性,华虹半导体7月8日收186.10，日内最高198后明显回落，弹性强但波动也大；作为半导体情绪样本记录，不作为稳健票。,只看回踩178-184不破后重新站回190；若高开冲198附近后回落，不追。,跌破174降级；放量跌破170视为失效。若收盘低于184，按非规则观察未兑现。,201.80,+8.44%,是,否,命中,收盘201.80；低点183.40落在178-184承接区，收盘站上190触发位，半导体弹性兑现。,是
2026/7/8,2026/7/9,8,09880.HK,优必选,港股,非规则观察-机器人,优必选7月8日收88.30，日内从93.35回落，机器人弹性仍在但承接弱于互联网核心；只做博弈温度样本。,只看回踩85.5-88.0不破后重新站回91；若开盘冲高但不能站回91，不触发。,跌破85降级；放量跌破82视为失效。若机器人链未扩散，本票按非规则观察处理。,87.70,-0.68%,否,否,部分命中,收盘87.70；低点86.15守住85.5-88承接区，未站回91触发位，机器人弹性不足，记部分命中。,是
2026/7/9,2026/7/10,1,00981.HK,中芯国际,港股,稳健观察,7月9日港股中芯国际收83.55、+10.22%，港股半导体最强锚。明天只看回踩承接，不追高。,最佳买点：回踩79.5-82.0不破，重新站回84.5；若高开超过4%不追，先看30分钟承接。,跌破77.0降级；放量跌破75.0视为失效。若A股半导体转弱，同步降权。,79.65,-4.67%,否,否,未命中,收盘79.65，-4.67%；低点78.75跌破79.5-82.0承接区，收盘也未站回84.5确认位。虽未跌破77.0降级线，但港股半导体权重承接失败。数据：腾讯行情快照，开84.95/高87.60/低78.75/收79.65。,是
2026/7/9,2026/7/10,2,01347.HK,华虹宏力,港股,条件观察-半导体弹性,7月9日收201.80、+8.44%，半导体弹性继续兑现；但港股波动大，明天需要确认承接。,升级条件：回踩192-198不破，尾盘站回205；若直接冲高到210上方，不追。,跌破186降级；放量跌破180视为失效。若收盘不能站回198，只记部分观察。,185.50,-8.08%,否,是,未命中,收盘185.50，-8.08%；低点183.90跌破186降级线，收盘也低于198与205升级位，半导体弹性样本明显回撤。数据：腾讯行情快照，开204.20/高218.80/低183.90/收185.50。,是
2026/7/9,2026/7/10,3,00700.HK,腾讯控股,港股,稳健观察,7月9日收469.60、-1.92%，互联网龙头弱于半导体，但仍守住467附近低点；明天只作为恒科承接观察，不做进攻票。,最佳买点：回踩466-472不破，重新站回476；若尾盘站回480，确认度更高。,跌破462降级；放量跌破456视为失效。若恒科弱且腾讯不能站回476，不升级。,460.20,-2.00%,否,是,未命中,收盘460.20，-2.00%；低点458.80跌破462降级线，收盘也未站回476，腾讯承接转弱。虽未破456深失效位，但按规则记未命中。数据：腾讯行情快照，开472.80/高473.60/低458.80/收460.20。,是
2026/7/9,2026/7/10,4,09988.HK,阿里巴巴-W,港股,稳健观察,7月9日收108.00、+0.47%，仍在承接区上方但未完成强确认。明天只看能否重新转强。,最佳买点：回踩106-108不破，重新站回110；高开超过4%不追。,跌破103.5降级；放量跌破100视为失效。若收盘不能站回110，最多记部分命中。,110.20,+2.04%,否,否,部分命中,收盘110.20，+2.04%；低点109.00高于106-108理想承接区，没有给到标准回踩买点，但收盘重新站回110。方向正确、执行位不完整，只记部分命中。数据：腾讯行情快照，开110.00/高113.00/低109.00/收110.20。,是
2026/7/9,2026/7/10,5,00388.HK,香港交易所,港股,稳健观察,7月9日收380.40、-0.11%，波动低于互联网和半导体。若港股成交活跃延续，港交所可作为偏防守的高流动性样本。,最佳买点：回踩377-381不破，重新站回384；若指数弱但港交所守稳，可记部分命中。,跌破372降级；放量跌破368视为失效。若成交活跃度下降，本票不升级。,385.00,+1.21%,是,否,命中,收盘385.00，+1.21%；低点381.00守住377-381承接区上沿，收盘站回384，港交所作为防守样本兑现。数据：腾讯行情快照，开383.00/高392.80/低381.00/收385.00。,是
2026/7/9,2026/7/10,6,01810.HK,小米集团-W,港股,条件观察-AI终端/汽车,7月9日收25.00、-1.19%，守住24.48低点但没有转强，明天只看消费电子/汽车链能否修复。,升级条件：回踩24.5-25.0不破，14:30后站回25.4；若恒科弱，不升级。,跌破24.0降级；放量跌破23.3视为失效。若收盘低于25.0，按未兑现或部分观察处理。,25.84,+3.36%,是,否,命中,收盘25.84，+3.36%；低点24.50落在24.5-25.0承接区，尾盘站回25.4升级位，小米条件观察兑现。数据：腾讯行情快照，开25.22/高26.30/低24.50/收25.84。,是
2026/7/9,2026/7/10,7,09618.HK,京东集团-SW,港股,条件观察-互联网消费,7月9日收107.70、-0.65%，弱修复但低点107.60较稳。作为互联网消费线补充样本，优先级低于半导体。,升级条件：回踩106-108.5不破，尾盘站回110.5；若互联网平台整体弱，不升级。,跌破104降级；放量跌破101视为失效。若收盘低于108.5，只记观察。,110.20,+2.32%,否,否,部分命中,收盘110.20，+2.32%；低点108.20落在106-108.5承接区上沿，尾盘接近但未站上110.5升级位，京东守承接但确认不足。数据：腾讯行情快照，开109.60/高111.60/低108.20/收110.20。,是
2026/7/9,2026/7/10,8,09880.HK,优必选,港股,非规则观察-机器人,7月9日收87.70、-0.68%，仍守住86.15低点，但机器人弹性不足，只作为非规则观察样本。,只看回踩86-88不破后重新站回90.5；若开盘冲高但不能站回90.5，不触发。,跌破84.5降级；放量跌破82视为失效。若机器人链没有扩散，本票不升级。,85.05,-3.02%,否,否,未命中,收盘85.05，-3.02%；低点84.50已跌出86-88承接区，收盘也未站回90.5，机器人非规则样本未兑现。虽未跌破82深失效位，但按港股规则记未命中。数据：腾讯行情快照，开89.00/高90.75/低84.50/收85.05。,是
2026/7/12,2026/7/13,1,00388.HK,香港交易所,港股,稳健观察,7月10日收385.00、+1.21%，周五港股里承接最干净，且直接受益于市场成交活跃。相较半导体和互联网高波动票，港交所更适合作为周一港股正式规则票。 ,最佳买点：回踩382-384不破，重新站回386；若指数弱但港交所守稳，可记部分命中。,跌破379降级；放量跌破376视为失效。若成交活跃度明显下降，本票不升级。,387.60,+0.68%,是,否,命中,开383.80/高391.20/低383.80/收387.60。低点落在382-384承接区，收盘站回386，港交所完成标准回踩与确认。 数据日期：2026-07-13；来源：腾讯行情日线。,是
2026/7/12,2026/7/13,2,09988.HK,阿里巴巴-W,港股,稳健观察,7月10日收110.20、+2.04%，互联网平台里修复最稳定之一。若周一恒科继续修复，阿里更适合作为互联网承接锚，而不是去追半导体高弹性。,最佳买点：回踩109-109.8不破，重新站回111；高开超过4%不追。,跌破108降级；放量跌破106.8视为失效。若恒科弱且阿里收回109下方，最多记部分命中。,110.70,+0.45%,否,否,部分命中,开110.80/高115.10/低110.30/收110.70。方向偏强但低点未进入109-109.8理想买点，收盘又略低于111确认位；执行条件不完整，记部分命中。 数据日期：2026-07-13；来源：腾讯行情日线。,是
2026/7/12,2026/7/13,3,01093.HK,石药集团,港股,稳健观察,7月10日收8.11、+3.44%，在港股医药里表现相对稳，且A股创新药周五走强有映射。考虑到港股科技波动仍大，石药适合作为防守型正式样本。 ,最佳买点：回踩7.95-8.02不破，重新站回8.18；若高开超过4%不追。,跌破7.82降级；放量跌破7.66视为失效。若医药板块弱于恒指且本票不能站回8.18，不触发。,8.16,+0.62%,否,否,部分命中,开8.11/高8.26/低7.90/收8.16。盘中跌出7.95-8.02承接区后修复，但收盘仍未站上8.18；防守方向尚可，确认不足记部分命中。 数据日期：2026-07-13；来源：腾讯行情日线。,是
2026/7/12,2026/7/13,4,01810.HK,小米集团-W,港股,条件观察-AI终端/汽车,7月10日收25.84、+3.36%，周五已经兑现过一次条件观察。周一若消费电子/汽车链继续修复，它仍可观察，但不适合直接升级为稳健票。,升级条件：回踩25.2-25.5不破，14:30后站回26.0；若高开超过4%且30分钟内跌回25.5下方，不买。,跌破24.9降级；放量跌破24.4视为失效。若恒科强但小米弱于指数，不升级。,25.84,+0.00%,否,否,部分命中,开25.84/高26.78/低25.58/收25.84。盘中突破26但收盘跌回确认位下方，且低点未给25.2-25.5标准买点；仅有盘中热度，记部分命中。 数据日期：2026-07-13；来源：腾讯行情日线。,是
2026/7/12,2026/7/13,5,00700.HK,腾讯控股,港股,条件观察-互联网平台,腾讯7月10日收460.20、-2.00%，刚跌破短线承接位，周一更适合当作修复确认样本，而不是直接当稳健票。若它不能修复，港股互联网整体很难全面转强。,升级条件：回踩458-461不破，尾盘重新站回466；若只盘中冲高、收盘低于463，不升级。,跌破456降级；放量跌破452视为失效。若恒科弱且腾讯继续低于460，本票放弃。,457.60,-0.56%,否,否,未命中,开463.20/高473.80/低456.20/收457.60。冲高后收盘跌回458-461承接区下方，未站回466；虽未跌破452深失效位，但互联网平台修复确认失败。 数据日期：2026-07-13；来源：腾讯行情日线。,是
2026/7/12,2026/7/13,6,09618.HK,京东集团-SW,港股,条件观察-互联网消费,7月10日收110.20、+2.32%，走势比腾讯更稳，但尾盘还是差一点确认。作为互联网消费补充样本，优先级低于阿里和港交所。,升级条件：回踩109-109.8不破，尾盘站回111；若互联网平台整体弱，不升级。,跌破108降级；放量跌破106.8视为失效。若收盘低于109.8，只记观察。,113.20,+2.72%,是,否,命中,开110.00/高114.50/低109.60/收113.20。低点落在109-109.8承接区，尾盘站稳111上方，京东条件观察兑现。 数据日期：2026-07-13；来源：腾讯行情日线。,是
2026/7/12,2026/7/13,7,00981.HK,中芯国际,港股,条件观察-半导体承接,港股中芯国际7月10日收79.65、-4.67%，半导体仍有长期逻辑，但周五明显走弱。周一只能等回踩企稳后的二次确认，不直接当正式规则票。,升级条件：回踩78.8-79.5不破，尾盘重新站回81.5；若高开超过4%或直接冲83上方，不追。,跌破77.8降级；放量跌破76.8视为失效。若A股半导体继续弱化，本票不升级。,78.35,-1.63%,否,是,未命中,开80.05/高84.80/低76.65/收78.35。盘中冲高后跌破76.8深失效位，收盘也未站回81.5，港股半导体承接再次失败。 数据日期：2026-07-13；来源：腾讯行情日线。,是
2026/7/12,2026/7/13,8,01347.HK,华虹宏力,港股,非规则观察-半导体弹性,7月10日收185.50、-8.08%，华虹宏力弹性很强但波动更大，只适合记录港股半导体情绪是否回流，不作为主规则放宽依据。,只看回踩183-186不破后重新站回191；若高开冲高但不能站回191，不触发。,跌破180降级；放量跌破176视为失效。若收盘低于186，按非规则未兑现处理。,172.30,-7.12%,否,是,未命中,开185.50/高191.40/低171.00/收172.30。盘中触及191后大幅回落，跌破176深失效位并收在186下方，非规则半导体弹性样本未兑现。 数据日期：2026-07-13；来源：腾讯行情日线。,是
2026/7/14,2026/7/14,1,00883.HK,中国海洋石油,港股,稳健观察,7月13日收22.26、+2.02%，隔夜WTI原油上涨约1.8%，能源方向具备外盘顺风和高股息防守属性。港股正式票优先，但高开超过4%仍不追。,最佳买点：回踩22.0-22.2不破，重新站回22.4；高开超过4%必须等30分钟回踩。,跌破21.7降级，放量跌破21.4视为失效；若油价和港股能源同步冲高回落，不触发。,22.800,+2.43%,否,否,部分命中,开22.80/高23.04/低22.50/收22.80。能源方向强、收盘站上22.4，但未回踩22.0-22.2计划买点，方向正确而执行点缺失。 数据日期：2026-07-14；来源：腾讯港股行情。,是
2026/7/14,2026/7/14,2,00941.HK,中国移动,港股,稳健观察,7月13日收79.25、+0.63%，连续多日保持上升结构，兼具高股息和低科技估值敏感度，适合在海外半导体大跌背景下作为防守锚。,最佳买点：回踩78.6-79.0不破，尾盘站回79.5；高开超过4%不追。,跌破78.0降级，放量跌破77.4视为失效；若高股息权重整体弱于恒指，不触发。,79.100,-0.19%,否,否,部分命中,开79.25/高79.35/低78.80/收79.10。低点进入78.6-79.0承接区且未失效，但尾盘未站回79.5，只完成承接未完成确认。 数据日期：2026-07-14；来源：腾讯港股行情。,是
2026/7/14,2026/7/14,3,01093.HK,石药集团,港股,稳健观察,7月13日收8.16、+0.62%，在恒生科技走弱时保持防守；A股创新药和康复政策提供情绪映射，但仍要求收盘确认。,最佳买点：回踩7.98-8.08不破，尾盘站回8.22；高开超过4%不追。,跌破7.82降级，放量跌破7.66视为失效；若港股医药弱于恒指且不能站回8.22，不触发。,8.110,-0.61%,否,否,部分命中,开8.14/高8.24/低7.95/收8.11。盘中进入承接区并未跌破7.82降级线，但收盘未站回8.22，医药防守确认不足。 数据日期：2026-07-14；来源：腾讯港股行情。,是
2026/7/14,2026/7/14,4,00388.HK,香港交易所,港股,非规则条件观察-交易活跃度,港交所7月13日收387.60、+0.68%，连续两次承接较好，但隔夜全球风险偏好转弱可能压制成交与估值，今天降为条件观察。,升级条件：回踩383.8-386不破，尾盘站回389；高开超过4%不追。,跌破381降级，放量跌破377视为失效；若恒指与成交额同步收缩，本票不升级。,389.000,+0.36%,否,否,部分命中,开387.40/高389.60/低380.80/收389.00。尾盘修复至确认位，但盘中短暂跌破381降级线，标准承接路径被破坏，不能记严格命中。 数据日期：2026-07-14；来源：腾讯港股行情。,是
2026/7/14,2026/7/14,5,09618.HK,京东集团-SW,港股,非规则条件观察-互联网消费,7月13日收113.20、+2.72%，上一交易日完成标准回踩确认；但隔夜纳指与AI股明显转弱，今天不连续升级，只看能否守住昨日突破。,升级条件：回踩111.0-112.5不破，尾盘站回114.5；高开超过4%不追。,跌破109.5降级，放量跌破108视为失效；若恒生科技继续走弱且京东收盘低于112.5，不升级。,113.800,+0.53%,否,否,部分命中,开113.20/高114.70/低111.00/收113.80。回踩进入111.0-112.5承接区，但收盘未站回114.5，只有承接、没有尾盘确认。 数据日期：2026-07-14；来源：腾讯港股行情。,是
2026/7/14,2026/7/14,6,01088.HK,中国神华,港股,非规则条件观察-高股息能源,7月13日收41.54、+1.66%，高股息能源在港股风险环境中相对稳，但煤炭与油价并非完全同一驱动，今天只作为能源扩散验证。,升级条件：回踩40.8-41.3不破，尾盘站回41.8；高开超过4%不追。,跌破40.4降级，放量跌破39.8视为失效；若只有油气上涨、煤炭不跟随，本票不升级。,42.300,+1.83%,否,否,部分命中,开41.60/高42.48/低41.52/收42.30。能源方向正确且收盘站上41.8，但未回踩40.8-41.3计划买点，缺少可执行低吸点。 数据日期：2026-07-14；来源：腾讯港股行情。,是
2026/7/14,2026/7/15,1,00941.HK,中国移动,港股,稳健观察,7月14日收79.10、-0.19%，回踩承接区但未完成79.5尾盘确认。高股息与低科技估值敏感度仍适合作为正式防守票，触发标准不放宽。,最佳买点：回踩78.80-79.10不破，尾盘站回79.50；高开超过4%不追。,跌破78.60降级，放量跌破78.00视为失效；若高股息权重弱于恒指，不触发。,79.000,-0.13%,否,否,部分命中,开79.10/高79.60/低78.95/收79.00。低点进入78.80-79.10承接区且未失效，但尾盘未站回79.50，只完成承接。 数据日期：2026-07-15；来源：腾讯港股行情。,是
2026/7/14,2026/7/15,2,00883.HK,中国海洋石油,港股,稳健观察,7月14日收22.80、+2.43%，能源方向强但未给前一日计划买点。次日正式票只接受回踩，严防油价地缘溢价回吐。,最佳买点：回踩22.40-22.60不破，尾盘站回22.80；高开超过4%不追。,跌破22.20降级，放量跌破21.70视为失效；若油价冲高回落，不触发。,22.900,+0.44%,否,否,部分命中,开22.76/高23.10/低22.36/收22.90。收盘站上22.80，但低点短暂跌破22.40承接区下沿，标准路径不完整。 数据日期：2026-07-15；来源：腾讯港股行情。,是
2026/7/14,2026/7/15,3,09618.HK,京东集团-SW,港股,非规则条件观察-互联网消费,7月14日收113.80、+0.53%，盘中完成回踩但收盘未站回114.5。恒生科技仅小幅上涨，互联网仍需二次确认。,升级条件：回踩111.50-112.50不破，尾盘站回114.50；高开超过4%不追。,跌破110.50降级，放量跌破109.50视为失效；若恒生科技转弱，不升级。,115.700,+1.67%,是,否,命中,开113.80/高116.20/低112.40/收115.70。低点进入111.50-112.50承接区，尾盘站上114.50，互联网消费条件兑现。 数据日期：2026-07-15；来源：腾讯港股行情。,是
2026/7/14,2026/7/15,4,01088.HK,中国神华,港股,非规则条件观察-高股息能源,7月14日收42.30、+1.83%，方向偏强但没有给计划低吸区。只作为能源扩散验证，不与中海油同时追高。,升级条件：回踩41.50-41.80不破，尾盘站回42.30；高开超过4%不追。,跌破41.30降级，放量跌破40.40视为失效；若煤炭不跟随油气，不升级。,42.920,+1.47%,是,否,命中,开41.62/高42.92/低41.62/收42.92。低点进入41.50-41.80承接区，收盘站上42.30，能源扩散条件兑现。 数据日期：2026-07-15；来源：腾讯港股行情。,是
2026/7/14,2026/7/15,5,01093.HK,石药集团,港股,非规则条件观察-医药防守,7月14日收8.11、-0.61%，承接尚在但连续未完成8.22确认。只保留低位防守观察，不再占正式规则票。,升级条件：回踩7.95-8.05不破，尾盘站回8.22；高开超过4%不追。,跌破7.82降级，放量跌破7.66视为失效；若港股医药弱于恒指，不升级。,8.430,+3.95%,否,否,部分命中,开8.11/高8.65/低8.11/收8.43。方向强且收盘站上8.22，但低点未进入7.95-8.05计划买点，未给标准低吸机会。 数据日期：2026-07-15；来源：腾讯港股行情。,是
2026/7/15,2026/7/16,1,09618.HK,京东集团-SW,港股,稳健观察,7月15日收115.70、+1.67%，已完成标准回踩与尾盘确认，互联网消费在恒生科技上涨环境中有扩散，次日只做二次承接。,回踩113.5-114.5不破，尾盘站回116.0；高开超过4%不追。,跌破112.5降级，放量跌破111.0视为失效；若恒生科技转弱，不触发。,116.800,+0.95%,否,否,部分命中,开115.20/高119.70/低114.80/收116.80。方向与收盘强度正确，但低点未进入113.50-114.50计划买点，只记部分命中。数据日期：2026-07-16；来源：腾讯港股历史行情。,是
2026/7/15,2026/7/16,2,01088.HK,中国神华,港股,稳健观察,7月15日收42.92、+1.47%，完成计划承接并收在日内高位，高股息能源仍具防守价值，但油价地缘溢价需防回吐。,回踩42.1-42.5不破，尾盘站回43.0；高开超过4%不追。,跌破41.8降级，放量跌破41.3视为失效；若煤炭弱于油气且油价回落，不触发。,41.880,-2.42%,是,是,未命中,开42.76/高43.26/低41.46/收41.88。盘中进入42.10-42.50承接区后跌破41.80降级线，尾盘未站回43.00，按失效优先记未命中。数据日期：2026-07-16；来源：腾讯港股历史行情。,是
2026/7/15,2026/7/16,3,00700.HK,腾讯控股,港股,非规则条件观察-互联网平台,7月15日收474.00、+3.90%，互联网平台强势修复，但涨幅接近高开过滤区，次日不追，只看回踩承接。,回踩466-470不破，尾盘站回476；高开超过4%不追。,跌破462降级，放量跌破456视为失效；若恒生科技冲高回落，不升级。,484.000,+2.11%,否,否,部分命中,开478.00/高494.80/低477.40/收484.00。互联网方向走强且收盘越过476，但未回到466-470计划买点，最多记部分命中。数据日期：2026-07-16；来源：腾讯港股历史行情。,是
2026/7/15,2026/7/16,4,02269.HK,药明生物,港股,非规则条件观察-CXO,7月15日收39.54、+3.51%，港股CXO形成板块扩散，但日内波动较大，只接受回踩后的二次确认。,回踩38.2-38.8不破，尾盘站回39.8；高开超过4%不追。,跌破37.5降级，放量跌破36.8视为失效；若CXO扩散中断，不升级。,39.320,-0.56%,否,否,未命中,开39.70/高41.00/低38.90/收39.32。低点未进入38.20-38.80计划区，收盘也未站回39.80确认位，条件观察未兑现。数据日期：2026-07-16；来源：腾讯港股历史行情。,是
2026/7/15,2026/7/16,5,03690.HK,美团-W,港股,非规则条件观察-互联网消费过热,7月15日收83.40、+5.30%，属于港股互联网领涨票，单日涨幅超过5%，次日进入过热过滤，只观察深回踩。,回踩80.5-81.8不破，尾盘重新站回83.5；任何高开或急拉都不追。,跌破79.5降级，放量跌破77.0视为失效；若互联网板块不扩散，冷却一日。,87.200,+4.56%,否,否,部分命中,开84.45/高88.95/低84.30/收87.20。方向明显走强，但全天未进入80.50-81.80计划低吸区，不能把上涨等同于可执行命中。数据日期：2026-07-16；来源：腾讯港股历史行情。,是
2026/7/16,2026/7/17,1,00941.HK,中国移动,港股,稳健观察,7月16日收79.60、涨0.76%，恒指连涨环境下仍属低波动防守品种，适合等待79附近二次承接。,回踩79.00-79.35不破，尾盘站回79.75；高开超过4%不追。,跌破78.70降级，放量跌破78.20失效；电讯板块弱于恒指则不触发。,79.950,+0.44%,否,否,部分命中,开79.80/高80.45/低79.40/收79.95。收盘站上79.75确认位，但低点较79.35承接上沿高0.05，未给标准买点，只记部分命中。数据日期：2026-07-17；来源：腾讯港股历史行情。,是
2026/7/16,2026/7/17,2,09618.HK,京东集团-SW,港股,稳健观察,7月16日收116.80、涨0.95%，互联网平台继续扩散但涨幅温和，优先等待回踩而非追强。,回踩114.8-115.8不破，尾盘站回117.2；高开超过4%不追。,跌破113.8降级，放量跌破112.5失效；恒生科技转弱则不触发。,116.300,-0.43%,否,否,部分命中,开116.90/高119.40/低115.60/收116.30。盘中进入114.80-115.80承接区且未失效，但尾盘未站回117.20，只记部分命中。数据日期：2026-07-17；来源：腾讯港股历史行情。,是
2026/7/16,2026/7/17,3,00700.HK,腾讯控股,港股,非规则条件观察-互联网平台,7月16日收484、涨2.11%，连续上涨后接近日内高位，趋势强但短线兑现压力增加。,回踩476-480不破，尾盘重新站回485；高开超过3%不追。,跌破472降级，放量跌破466失效；恒生科技冲高回落不升级。,461.600,-4.63%,是,是,未命中,开488.80/高488.80/低458.00/收461.60。高开后快速回落，跌破472降级线及466深失效位，互联网平台承接失败。数据日期：2026-07-17；来源：腾讯港股历史行情。,是
2026/7/16,2026/7/17,4,09988.HK,阿里巴巴-W,港股,非规则条件观察-互联网平台过热,7月16日收116.90、涨3.09%，当日高119.80，强势但上方兑现明显，只看深回踩承接。,回踩113.8-115.0不破，尾盘站回117.2；高开超过3%不追。,跌破112.8降级，放量跌破111.0失效；互联网板块不扩散则冷却。,112.600,-3.68%,是,是,未命中,开116.30/高118.00/低110.70/收112.60。盘中跌破112.80降级线并下破111.00深失效位，高位互联网票冲高回落。数据日期：2026-07-17；来源：腾讯港股历史行情。,是
2026/7/16,2026/7/17,5,01088.HK,中国神华,港股,非规则条件观察-高股息能源,7月16日收41.88、跌2.42%，回吐前日涨幅，尚未形成正式承接，只观察止跌。,回踩41.45-41.75不破，尾盘站回42.20；高开超过4%不追。,跌破41.20降级，放量跌破40.80失效；煤炭与油气继续走弱则放弃。,42.400,+1.24%,是,否,命中,开41.98/高42.50/低41.54/收42.40。低点进入41.45-41.75承接区且守住41.20降级线，收盘站上42.20确认位，完整命中。数据日期：2026-07-17；来源：腾讯港股历史行情。,是
2026/7/19,2026/7/20,1,00941.HK,中国移动,港股,稳健观察,7月17日收79.95、涨0.44%，恒科大跌4.37%时仍收红，低波动和高股息属性相对占优；只做回踩确认。,最佳买点：回踩79.40-79.75不破，尾盘站回80.10；高开超过3%不追。,跌破79.10降级，放量跌破78.60失效；电讯板块弱于恒指则不触发。,80.800,+1.06%,否,否,部分命中,开80.00/高81.40/低80.00/收80.80。收盘站上80.10且相对稳健，但低点未进入79.40-79.75计划买点，正式票仅记部分命中。 数据日期：2026-07-20；来源：腾讯港股行情。,是
2026/7/19,2026/7/20,2,01088.HK,中国神华,港股,非规则条件观察-高股息能源,7月17日收42.40、涨1.24%，盘中低41.54后明显回收，兼具能源与高股息防守属性，但接近日高42.50。,升级条件：回踩41.90-42.20不破，尾盘站回42.55；高开超过3%不追。,跌破41.60降级，放量跌破41.20失效；煤炭与高股息板块不扩散则不升级。,43.600,+2.83%,否,否,部分命中,开42.98/高43.66/低42.32/收43.60。方向正确并站上42.55，但低点高于41.90-42.20承接区，没有标准低吸机会。 数据日期：2026-07-20；来源：腾讯港股行情。,是
2026/7/19,2026/7/20,3,00883.HK,中国海洋石油,港股,非规则条件观察-油价映射,7月17日收22.72、跌0.70%，周五布伦特原油大涨带来周一映射，但地缘跳空属于高波动消息交易。,升级条件：高开不超过3%，或回踩22.55-22.80不破，尾盘站回23.00；高开急拉不追。,跌破22.40降级，放量跌破22.10失效；油价冲高回落则放弃。,23.900,+5.19%,是,否,命中,开23.20/高24.28/低23.20/收23.90。高开约2.11%未超过3%，尾盘站上23.00，油价映射条件兑现。 数据日期：2026-07-20；来源：腾讯港股行情。,是
2026/7/19,2026/7/20,4,00005.HK,汇丰控股,港股,非规则条件观察-金融防守,7月17日收156.90、持平，日内高158.40、低154.90；相对恒指抗跌，但上方抛压和外围金融波动仍需确认。,升级条件：回踩155.0-156.2不破，尾盘重新站回157.4；高开超过3%不追。,跌破154.5降级，放量跌破153.5失效；银行板块弱于恒指则不升级。,157.800,+0.57%,是,否,命中,开157.00/高157.80/低155.50/收157.80。低点进入155.0-156.2承接区，收盘站上157.4，金融防守条件完整兑现。 数据日期：2026-07-20；来源：腾讯港股行情。,是
2026/7/19,2026/7/20,5,00700.HK,腾讯控股,港股,非规则观察-科技冷却,7月17日收461.60、跌4.63%，恒科跌4.37%，周五美股纳指继续下跌；当前只验证止跌，不执行抄底。,观察条件：先守住458，随后尾盘重新站回468；只有恒科同步止跌才考虑后续升级。,跌破458继续冷却，放量跌破452视为深失效；任何低开急拉都不追。,477.800,+3.51%,是,否,命中,开465.60/高481.80/低465.60/收477.80。全日守住458并尾盘站上468，恒生科技同步反弹2.79%，科技冷却观察条件兑现；仍非正式买入票。 数据日期：2026-07-20；来源：腾讯港股行情。,是
2026-07-21,2026-07-22,1,00941.HK,中国移动,港股,稳健观察,7月21日收80.70、跌0.12%，高80.95、低80.20；恒指微跌且科技分化时仍保持低波动，适合作为港股防守承接票。,回踩80.20-80.50不破，尾盘重新站回80.85；高开超过3%不追。,跌破79.90降级，放量跌破79.40失效；电讯板块弱于恒指则不触发。,80.550,-0.19%,否,否,部分命中,开80.15/高80.70/低80.10/收80.55。进入80.20-80.50承接区并守住79.90，但尾盘未站回80.85；防守方向相对恒指偏稳，只记部分命中。数据：腾讯港股行情2026-07-22。,是
2026-07-21,2026-07-22,2,00981.HK,中芯国际,港股,非规则条件观察-半导体高潮后确认,7月21日收75.50、涨8.24%，高77.00、低69.50；港股半导体领涨但恒指未同步走强，次日只看回踩承接。,回踩72.5-74.0不破，尾盘重新站回75.5；高开超过3%不追。,跌破71.8降级，放量跌破70.5失效；恒科或半导体板块冲高回落则放弃。,72.900,-3.44%,否,否,未命中,开76.80/高77.80/低72.30/收72.90。低点跌破72.50承接下沿，收盘未站回75.50，恒生科技跌3.04%；虽未触及71.80降级线，仍按承接与收盘确认失败记未命中。数据：腾讯港股行情2026-07-22。,是
2026-07-21,2026-07-22,3,00700.HK,腾讯控股,港股,非规则条件观察-恒科权重承接,7月21日收474.00、跌0.80%，高482.60、低472.80；恒科上涨但腾讯逆势小跌，需确认权重是否补涨而非继续拖累。,回踩470-473不破，尾盘重新站回478；恒科同步保持强势，高开超过3%不追。,跌破468降级，放量跌破462失效；恒科冲高回落或大型科网继续分化则放弃。,440.600,-7.05%,否,是,未命中,开468.00/高468.00/低440.60/收440.60。开盘即触及468降级线，随后跌破462深失效位并收于全日低点；恒生科技跌3.04%，个股与板块双重确认均失败。数据：腾讯港股行情2026-07-22。,是
2026-07-22,2026-07-23,1,00941.HK,中国移动,港股,非规则条件观察-电讯防守,7月22日收80.55、跌0.19%，恒指和恒科下跌时保持低波动，电讯防守属性仍在。,回踩80.10-80.35不破，尾盘重新站回80.65；高开超过3%不追。,跌破79.80降级，放量跌破79.30失效；电讯板块弱于恒指则不触发。,81.400,+1.06%,否,否,部分命中,开80.55/高81.90/低80.50/收81.40。方向与尾盘强度正确，但低点未进入80.10-80.35计划承接区，没有标准买点。 数据日期：2026-07-23；来源：腾讯港股行情。,是
2026-07-22,2026-07-23,2,00005.HK,汇丰控股,港股,稳健观察,7月22日收158.90、涨1.53%，收于日高，恒指下跌时银行权重逆势走强；接近阶段高位，只接受回踩。,回踩157.30-158.00不破，尾盘重新站回158.80；高开超过3%不追。,跌破156.50降级，放量跌破155.50失效；银行板块弱于恒指则不触发。,161.500,+1.64%,否,否,部分命中,开160.60/高162.00/低160.20/收161.50。正式防守方向兑现，但全天未回到157.30-158.00计划买点，只能部分命中。 数据日期：2026-07-23；来源：腾讯港股行情。,是
2026-07-22,2026-07-23,3,00883.HK,中国海洋石油,港股,非规则条件观察-油价映射,7月22日收24.10、涨2.55%，油价上行支持方向，但高位消息交易易冲高回落。,回踩23.60-23.90不破，尾盘站回24.10；高开超过3%不追。,跌破23.35降级，放量跌破23.00失效；布油回落或油气板块无扩散则放弃。,24.220,+0.50%,否,否,部分命中,开24.14/高24.32/低23.92/收24.22。低点较23.90承接上沿高0.02，方向和尾盘确认正确但未给标准回踩买点。 数据日期：2026-07-23；来源：腾讯港股行情。,是
2026-07-22,2026-07-23,4,01088.HK,中国神华,港股,非规则条件观察-煤炭高股息,7月22日收44.18、涨2.41%，煤炭高股息逆势，但日内振幅扩大。,回踩43.10-43.60不破，尾盘重新站回44.00；高开超过3%不追。,跌破42.70降级，放量跌破42.20失效；煤炭板块冲高回落则放弃。,44.200,+0.05%,否,否,部分命中,开44.18/高44.66/低43.66/收44.20。低点较43.60承接上沿高0.06，收盘站回44.00但没有标准买点。 数据日期：2026-07-23；来源：腾讯港股行情。,是
2026-07-22,2026-07-23,5,00981.HK,中芯国际,港股,非规则观察-半导体冷却,7月22日收72.90、跌3.44%，半导体冲高回落，当前只验证止跌和尾盘修复。,回踩72.30-73.50不破，尾盘重新站回74.50；恒科同步止跌，高开超过3%不追。,跌破71.50降级，放量跌破70.50失效；恒科继续下跌或腾讯未止跌则放弃。,70.750,-2.95%,否,是,未命中,开74.00/高74.30/低69.85/收70.75。盘中跌破71.50降级线及70.50深失效位，半导体承接继续失败。 数据日期：2026-07-23；来源：腾讯港股行情。,是
2026-07-23,2026-07-24,1,00941.HK,中国移动,港股,稳健观察,7月23日收81.40、涨1.06%，电讯防守属性稳定，较恒科波动更低；只接受回踩后的尾盘确认。,回踩80.70-81.05不破，尾盘重新站回81.45；高开超过3%不追。,跌破80.35降级，放量跌破79.90失效；电讯板块弱于恒指则不触发。,81.750,+0.43%,是,否,命中,开81.20/高81.95/低81.00/收81.75。低点进入80.70-81.05计划承接区且未破80.35降级线，收盘站上81.45确认位；电讯防守票完成回踩与尾盘确认。数据日期：2026-07-24；来源：腾讯港股收盘行情。,是
2026-07-23,2026-07-24,2,00005.HK,汇丰控股,港股,非规则条件观察-金融防守,7月23日收161.50、涨1.64%，银行权重延续强势但已接近阶段高位，不能追涨。,回踩159.80-160.60不破，尾盘重新站回161.50；高开超过3%不追。,跌破159.20降级，放量跌破158.20失效；银行板块弱于恒指则放弃。,161.400,-0.06%,否,否,部分命中,开159.80/高161.60/低159.30/收161.40。盘中进入159.80-160.60承接区并守住159.20降级线，但收盘较161.50确认位低0.10；方向防守有效，尾盘确认不足。数据日期：2026-07-24；来源：腾讯港股收盘行情。,是
2026-07-23,2026-07-24,3,00883.HK,中国海洋石油,港股,非规则高风险观察-油价映射,7月23日收24.22、涨0.50%，油价高位仍提供映射，但连续强势后跳空和回撤风险上升。,回踩23.85-24.05不破，尾盘重新站回24.25；高开超过3%不追。,跌破23.60降级，放量跌破23.25失效；布油回落或油气板块无扩散则放弃。,23.560,-2.73%,否,是,未命中,开24.44/高24.64/低23.44/收23.56。高开冲高后跌穿23.85-24.05承接区，并跌破23.60降级线，收盘远低于24.25确认位；油价消息未转化为有效承接。数据日期：2026-07-24；来源：腾讯港股收盘行情。,是
2026-07-26,2026-07-27,1,00941.HK,中国移动,港股,稳健观察,7月24日收81.75、涨0.43%，在恒指跌0.98%、科网承压时继续逆势，且上一交易日完整完成回踩与尾盘确认。,回踩81.00-81.35不破，尾盘重新站回81.80；高开超过3%不追。,跌破80.60降级，放量跌破80.10失效；电讯板块弱于恒指则不触发。,82.500,+0.92%,否,否,部分命中,开81.80/高82.65/低81.70/收82.50。方向和尾盘强度正确，但最低81.70未进入81.00-81.35计划承接区，没有标准买点；新闻与上涨不能替代回踩触发。数据日期：2026-07-27；来源：腾讯港股收盘行情。,是
2026-07-26,2026-07-27,2,00005.HK,汇丰控股,港股,非规则条件观察-金融防守,7月24日收161.40、跌0.06%，盘中回踩159.30后收回，金融权重相对防守；但临近阶段高位，仍只接受低吸确认。,回踩159.80-160.60不破，尾盘重新站回161.60；高开超过3%不追。,跌破159.20降级，放量跌破158.20失效；银行板块弱于恒指或高开转弱则放弃。,162.800,+0.87%,否,否,部分命中,开161.00/高163.40/低160.70/收162.80。金融防守方向兑现，收盘站上161.60确认位，但最低160.70较159.80-160.60计划区上沿高0.10，未给标准回踩买点，只记部分命中。数据日期：2026-07-27；来源：腾讯港股收盘行情。,是
2026-07-26,2026-07-27,3,00981.HK,中芯国际,港股,非规则高风险观察-半导体分化,7月24日收71.35、涨0.85%，在恒科走弱时逆势修复，但日内振幅5.94%；周五美股半导体继续下跌，只能观察A/H半导体独立性。,回踩69.80-70.80不破，尾盘重新站回72.20；高开超过3%不追。,跌破69.30降级，放量跌破68.50失效；恒科继续下跌或A股半导体设备无扩散则放弃。,70.650,-0.98%,否,是,未命中,开71.00/高72.10/低68.05/收70.65。盘中穿过69.80-70.80承接区后继续下破，最低跌破69.30降级线及68.50深失效位；收盘未站回72.20确认位，高风险半导体观察失败。数据日期：2026-07-27；来源：腾讯港股收盘行情。,是
2026-07-27,2026-07-28,1,00941.HK,中国移动,港股,稳健观察,7月27日收82.50、涨0.92%，电讯防守趋势保持；前一日未到计划买点，因此只上移承接区，不以方向上涨替代执行。,回踩81.85-82.20不破，尾盘重新站回82.60；高开超过3%不追。,跌破81.40降级，放量跌破80.90失效；电讯板块弱于恒指或高开后30分钟承接失败则不触发。,83.250,+0.91%,否,否,部分命中,开82.60/高83.25/低82.60/收83.25。电讯防守方向和尾盘强度正确，但最低82.60未进入81.85-82.20计划区，没有标准买点，只记部分命中。数据日期：2026-07-28；来源：腾讯港股收盘行情。,是
2026-07-27,2026-07-28,2,00005.HK,汇丰控股,港股,非规则条件观察-金融防守,7月27日收162.80、涨0.87%，银行权重延续强势，但接近当日高点及阶段高位，继续坚持低吸而非追价。,回踩161.20-162.00不破，尾盘重新站回163.00；高开超过3%不追。,跌破160.50降级，放量跌破159.50失效；银行板块弱于恒指或冲高回落则放弃。,162.000,-0.49%,否,否,部分命中,开162.00/高162.50/低160.60/收162.00。进入161.20-162.00计划区并守住160.50降级线，但尾盘未站回163.00；金融防守尚可、确认不足，只记部分命中。数据日期：2026-07-28；来源：腾讯港股收盘行情。,是
2026-07-27,2026-07-28,3,00700.HK,腾讯控股,港股,非规则条件观察-平台权重,7月27日收443.00、涨1.93%，恒科反弹时表现较强；但美股科技与半导体上一交易日偏弱，只允许回踩确认。,回踩435.00-439.00不破，尾盘重新站回444.00；高开超过3%不追。,跌破431.00降级，放量跌破425.00失效；恒生科技转弱或平台权重普遍冲高回落则放弃。,447.200,+0.95%,否,否,部分命中,开447.80/高452.00/低441.60/收447.20。恒科和平台权重方向正确且收盘站上444.00，但最低441.60未进入435-439计划区，缺少可执行买点，只记部分命中。数据日期：2026-07-28；来源：腾讯港股收盘行情。,是
2026-07-28,2026-07-29,1,00941.HK,中国移动,港股,稳健观察,7月28日收83.25、涨0.91%，连续两日保持电讯防守强度；前两次均因未到买点仅部分命中，本次把承接区贴近真实日内波动但保留尾盘确认。,回踩82.55-82.90不破，尾盘重新站回83.30；高开超过3%不追。,跌破82.15降级，放量跌破81.70失效；电讯板块弱于恒指或开盘30分钟承接失败则不触发。,84.10,1.02%,否,否,部分命中,开83.25、高84.15、低83.20、收84.10。尾盘站稳83.30且电讯防守方向正确，但全天未进入82.55-82.90计划回踩区；没有可执行买点，只记部分命中。数据日期：2026-07-29；来源：东方财富港股日线及1分钟行情。,是
2026-07-28,2026-07-29,2,00005.HK,汇丰控股,港股,非规则条件观察-金融防守,7月28日收162.00、跌0.49%，盘中回踩160.60后收回计划区，金融权重仍有防守但尾盘确认不足。,回踩160.80-161.50不破，尾盘重新站回162.60；高开超过3%不追。,跌破160.00降级，放量跌破159.00失效；银行板块弱于恒指或冲高回落则放弃。,164.70,1.67%,否,否,部分命中,开162.80、高164.70、低160.40、收164.70。盘中进入计划区后跌破160.80下沿，但未跌破160.00降级线，尾盘站回162.60；方向正确但承接区“不破”条件不完整，条件观察最多部分命中。数据日期：2026-07-29；来源：东方财富港股日线及1分钟行情。,是
2026-07-28,2026-07-29,3,00700.HK,腾讯控股,港股,非规则条件观察-平台权重,7月28日收447.20、涨0.95%，恒科上涨且腾讯保持平台权重承接；但隔夜美股半导体偏弱，只接受回踩确认，不追高。,回踩441.00-444.00不破，尾盘重新站回448.00；高开超过3%不追。,跌破438.00降级，放量跌破433.00失效；恒生科技转弱或平台权重普遍冲高回落则放弃。,466.40,4.29%,否,否,部分命中,开453.00、高469.40、低450.00、收466.40。平台权重方向显著走强且尾盘站上448，但全天未进入441-444计划买点；方向正确、执行点缺失，按高开不追和买点规则只记部分命中。数据日期：2026-07-29；来源：东方财富港股日线及1分钟行情。,是
2026-07-29,2026-07-30,1,00941.HK,中国移动,港股,稳健观察,7月29日收84.10、涨1.02%，电讯防守延续；此前多次方向正确但未到买点，本次按近两日真实低点上移承接区，仍保留尾盘确认。,回踩83.45-83.80不破，尾盘重新站回84.15；高开超过3%不追。,跌破83.05降级，放量跌破82.60失效；电讯板块弱于恒指或开盘30分钟承接失败则不触发。,84.80,0.83%,是,否,命中,开84.00、高84.95、低83.60、收84.80。低点进入83.45-83.80计划区，尾盘站上84.15且未失效，正式规则完整命中。数据日期：2026-07-30；来源：东方财富日线及5分钟行情。,是
2026-07-29,2026-07-30,2,00005.HK,汇丰控股,港股,非规则条件观察-金融防守,7月29日收164.70、涨1.67%，尾盘走强但盘中曾跌破原承接区下沿；金融权重可观察，不作为正式规则票。,回踩162.80-163.60不破，尾盘重新站回164.80；高开超过3%不追。,跌破161.80降级，放量跌破160.80失效；银行板块弱于恒指或冲高回落则放弃。,164.50,-0.12%,否,否,部分命中,开162.20、高164.60、低162.20、收164.50。盘中穿过162.80-163.60承接区但未跌破161.80降级线，收盘仍低于164.80确认位；承接尚在、确认不足，记部分命中。数据日期：2026-07-30；来源：东方财富日线及5分钟行情。,是
2026-07-29,2026-07-30,3,00700.HK,腾讯控股,港股,非规则条件观察-平台科技加速,7月29日收466.40、涨4.29%，平台权重强修复但与隔夜费半弱势背离；单日加速后只接受回踩，不追价。,回踩456.00-461.00不破，尾盘重新站回466.50；高开超过3%不追。,跌破451.00降级，放量跌破446.00失效；恒生科技转弱或平台权重普遍冲高回落则放弃。,471.80,1.16%,否,否,部分命中,开466.40、高475.00、低462.80、收471.80。方向与尾盘确认正确，但低点未进入456.00-461.00计划买点，按高开不追和买点优先规则只记部分命中。数据日期：2026-07-30；来源：东方财富日线及5分钟行情。,是
2026-07-30,2026-07-31,1,00941.HK,中国移动,港股,稳健观察,7月30日收84.80、涨0.83%，电讯防守与买点确认完整；海外风险偏好偏弱，保留为唯一正式规则票。,回踩84.00-84.35不破，尾盘重新站回84.75；高开超过3%不追。,跌破83.55降级，放量跌破83.10失效；电讯板块弱于恒指则不触发。,83.65,-1.36%,否,是,未命中,开84.80、高84.95、低82.80、收83.65。进入84.00-84.35计划区后继续跌破83.55降级线及83.10深度失效位，尾盘亦未站回84.75；按规则记失效、未命中。数据日期：2026-07-31；来源：东方财富港股日线及5分钟行情。,是
2026-07-30,2026-07-31,2,00005.HK,汇丰控股,港股,非规则条件观察-金融防守,7月30日收164.50、跌0.12%，盘中承接但尾盘确认不足，只作金融防守条件观察。,回踩162.80-163.60不破，尾盘重新站回164.70；高开超过3%不追。,跌破161.80降级，放量跌破160.80失效；银行板块弱于恒指则放弃。,168.20,2.25%,否,否,部分命中,开166.60、高168.90、低166.40、收168.20。方向和尾盘强度正确，但全天未进入162.80-163.60计划买点；新闻和金融强度不能替代可执行回踩，按规则只记部分命中。数据日期：2026-07-31；来源：东方财富港股日线及5分钟行情。,是
2026-07-30,2026-07-31,3,00700.HK,腾讯控股,港股,非规则条件观察-平台科技承接,7月30日收471.80、涨1.16%，港股平台权重偏强但隔夜美股科技继续走弱，只接受回踩承接。,回踩463.00-467.00不破，尾盘重新站回471.50；高开超过3%不追。,跌破458.00降级，放量跌破452.00失效；恒生科技转弱则放弃。,475.20,0.72%,否,否,部分命中,开470.00、高479.80、低462.00、收475.20。盘中进入463.00-467.00计划区但最低跌至462.00，承接区不破条件失败；尾盘站回471.50且方向正确，未跌破458.00降级线，按规则只记部分命中。数据日期：2026-07-31；来源：东方财富港股日线及5分钟行情。,是
2026-07-31,2026-08-03,1,00005.HK,汇丰控股,港股,非规则条件观察-金融承接,7月31日收168.20、涨2.25%，方向强但未给计划买点；策略收缩期仅接受真实回踩。,回踩166.40-167.20不破，尾盘重新站回168.40；高开超过3%不追。,跌破165.20降级，放量跌破164.20失效；金融板块弱于恒指则放弃。,168.20,0.00%,否,否,部分命中,开168.00、高168.70、低166.40、收168.20。进入166.40-167.20承接区且未跌破165.20降级线，但收盘未站回168.40确认位；守住支撑但未完成尾盘转强，按规则记部分命中。数据日期：2026-08-03；来源：东方财富港股日线行情。,是
2026-07-31,2026-08-03,2,00700.HK,腾讯控股,港股,非规则条件观察-平台科技承接,7月31日收475.20、涨0.72%，隔夜AI修复提供映射，但盘中曾跌破承接区；仅作回踩确认观察。,回踩468.00-472.00不破，尾盘重新站回476.00；高开超过3%不追。,跌破462.00降级，放量跌破458.00失效；恒生科技转弱或美股科技再度大跌则放弃。,490.40,3.20%,否,否,部分命中,开482.00、高491.00、低480.60、收490.40。方向与尾盘强度正确，但全天未进入468.00-472.00计划买点；新闻与科技强势不能替代可执行回踩，按规则只记部分命中。数据日期：2026-08-03；来源：东方财富港股日线行情。,是
2026-08-03,2026-08-04,1,00005.HK,汇丰控股,港股,非规则条件观察-金融承接,8月3日收168.20、持平，盘中守住前次承接区但差收盘确认；继续只作低波动条件观察。,回踩166.80-167.60不破，尾盘重新站回168.50；高开超过3%不追。,跌破165.80降级，放量跌破164.80失效；金融板块弱于恒指则放弃。,166.50,-1.01%,否,是,未命中,开168.40、高169.70、低164.00、收166.50。进入166.80-167.60计划区后继续跌破165.80降级线及164.80深失效位，尾盘未站回168.50，按规则记未命中且失效。数据日期：2026-08-04；来源：东方财富港股日线及5分钟行情。,是
2026-08-03,2026-08-04,2,00700.HK,腾讯控股,港股,非规则条件观察-平台科技回踩,8月3日收490.40、涨3.20%，平台科技强于恒科，但当日没有给计划买点；次日只接受回踩，不追加速。,回踩480.00-485.00不破，尾盘重新站回490.00；高开超过3%不追。,跌破474.00降级，放量跌破468.00失效；恒生科技转弱或美股芯片继续下挫则放弃。,487.60,-0.57%,否,否,部分命中,开491.00、高494.80、低480.80、收487.60。低点进入480-485计划区且守住474降级线，但尾盘未站回490确认位；守住承接、确认不足，按规则记部分命中。数据日期：2026-08-04；来源：东方财富港股日线及5分钟行情。,是
2026-08-04,2026-08-05,1,00700.HK,腾讯控股,港股,非规则条件观察-平台科技承接,8月4日收487.60、跌0.57%，盘中回踩480.80后守住计划区，但尚未完成490确认；恒科逆势小涨但恒指高开回落，只作条件观察。,回踩482.00-486.00不破，尾盘重新站回490.00；高开超过3%不追。,跌破478.00降级，放量跌破472.00失效；恒科转弱或美股科技明显回落则放弃。,492.20,0.94%,是,否,命中,开493.40/高497.80/低482.20/收492.20，盘中进入482-486计划区且未破478降级线，收盘站回490确认位，完整命中。数据：腾讯行情2026-08-05收盘快照。,是
2026-08-05,2026-08-06,1,00700.HK,腾讯控股,港股,非规则条件观察-平台科技承接,8月5日收492.20、涨0.94%，完成回踩与尾盘确认；恒科偏强但恒指仅小涨，次日仍只等承接。,回踩487.00-491.00不破，尾盘重新站回494.00；高开超过3%不追。,跌破482.00降级，放量跌破478.00失效；恒科转弱或美股科技明显回落则放弃。,479.20,-2.64%,否,否,未命中,开491.00、高491.00、低479.00、收479.20。开盘进入487-491计划区后持续走弱，跌破482降级线，尾盘未站回494确认位；最低479仍高于478深失效位，故记未命中但不记深失效。恒生科技收跌2.28%，板块承接同步失败。数据日期：2026-08-06；来源：腾讯公开收盘行情。,是
2026-08-06,2026-08-07,1,00941.HK,中国移动,港股,非规则条件观察-电讯防守承接,8月6日收82.40、跌0.36%，恒指跌1.49%、恒科跌2.28%时相对抗跌；仅观察低波动防守承接。,回踩81.95-82.25不破，尾盘重新站回82.55；高开超过3%不追。,跌破81.50降级，放量跌破81.00失效；电讯板块弱于恒指或个股冲高回落则放弃。,81.85,-0.67%,否,否,部分命中,开82.75、高82.75、低81.70、收81.85。进入81.95-82.25计划区且未跌破81.50降级线，但尾盘未站回82.55确认位，仅记部分命中。数据日期：2026-08-07；来源：东方财富港股日线行情。,是
2026-08-06,2026-08-07,2,00005.HK,汇丰控股,港股,非规则条件观察-金融防守修复,8月6日收160.10、跌1.23%，恒指走弱中金融权重仍有流动性；只观察157.5低点上方的修复承接。,回踩158.00-159.20不破，尾盘重新站回160.30；高开超过3%不追。,跌破157.20降级，放量跌破156.00失效；银行板块弱于恒指则放弃。,161.20,0.69%,是,否,命中,开159.70、高/收161.20、低159.20。低点触及158.00-159.20计划区上沿，收盘站回160.30确认位，未跌破157.20降级线，完整命中。数据日期：2026-08-07；来源：东方财富港股日线行情。,是
2026-08-06,2026-08-07,3,00883.HK,中国海洋石油,港股,非规则条件观察-能源防守承接,8月6日收22.70、跌1.13%，油价仍处相对高位且能源现金流防守属性较强；只等回踩确认。,回踩22.40-22.60不破，尾盘重新站回22.80；高开超过3%不追。,跌破22.20降级，放量跌破21.90失效；油价快速转弱或能源板块弱于恒指则放弃。,23.26,2.47%,否,否,部分命中,开22.94、高23.36、低22.90、收23.26。方向和收盘强度正确，但最低价未进入22.40-22.60计划买点，仅记部分命中。数据日期：2026-08-07；来源：东方财富港股日线行情。,是
2026-08-06,2026-08-07,4,01088.HK,中国神华,港股,非规则条件观察-煤炭防守承接,8月6日收42.84、涨1.66%，煤炭方向强于港股大盘，但日内波动较大，只做分歧回踩。,回踩41.90-42.30不破，尾盘重新站回42.70；高开超过3%或煤炭冲高回落不追。,跌破41.50降级，放量跌破41.00失效；煤炭板块无扩散则放弃。,42.98,0.33%,是,否,命中,开42.74、高43.20、低42.02、收42.98。低点进入41.90-42.30计划区，尾盘收回42.70确认位，未跌破41.50降级线，完整命中。数据日期：2026-08-07；来源：东方财富港股日线行情。,是
2026-08-06,2026-08-07,5,00939.HK,建设银行,港股,非规则条件观察-银行低波承接,8月6日收8.86、涨0.68%，在恒指下跌时相对强势且流动性充足；只观察低波动回踩。,回踩8.72-8.80不破，尾盘重新站回8.87；高开超过3%不追。,跌破8.65降级，放量跌破8.55失效；内银板块转弱或个股冲高回落则放弃。,8.79,-0.79%,否,否,部分命中,开8.85、高8.88、低8.67、收8.79。盘中进入8.72-8.80计划区后下探，但未跌破8.65降级线；收盘未站回8.87确认位，仅记部分命中。数据日期：2026-08-07；来源：腾讯港股收盘行情。,是
2026-08-07,2026-08-10,1,00005.HK,汇丰控股,港股,非规则条件观察-金融防守承接,8月7日完成回踩确认并收161.20、涨0.69%；恒指修复但美债收益率偏高，金融仅做低波承接。,回踩159.80-160.50不破，尾盘重新站回161.30；高开超过3%不追。,跌破158.80降级，放量跌破157.80失效；银行板块弱于恒指则放弃。,162.50,0.81%,否,否,部分命中,开161.80、高162.80、低161.30、收162.50。方向与收盘强度正确，但最低价未进入159.80-160.50计划区，未形成可执行买点；按规则记部分命中。数据日期：2026-08-10；来源：东方财富港股日线行情。,是
2026-08-07,2026-08-10,2,01088.HK,中国神华,港股,非规则条件观察-煤炭防守承接,8月7日完成回踩确认并收42.98、涨0.33%；能源价格偏强但周末消息存在跳空风险，只等分歧承接。,回踩42.30-42.65不破，尾盘重新站回43.00；高开超过3%或煤炭冲高回落不追。,跌破41.90降级，放量跌破41.50失效；煤炭板块无扩散则放弃。,44.18,2.79%,是,否,命中,开42.80、高44.30、低42.58、收44.18。低点进入42.30-42.65计划区，收盘站回43.00确认位，未跌破41.90降级线，完整命中。数据日期：2026-08-10；来源：东方财富港股日线行情。,是
2026-08-10,2026-08-11,1,00005.HK,汇丰控股,港股,非规则条件观察-金融防守承接,8月10日收162.50、涨0.81%，方向强但未给计划买点；恒指上涨而成交未明显扩张，只做低波回踩。,回踩161.20-161.80不破，尾盘重新站回162.60；高开超过3%不追。,跌破160.50降级，放量跌破159.80失效；银行板块弱于恒指则放弃。,161.70,-0.49%,是,否,部分命中,开162.70/高162.90/低161.60/收161.70；进入计划买点且未破失效位，但收盘未站回162.60确认位，只记部分命中。数据：Yahoo Finance日线（2026-08-11）。,是
2026-08-10,2026-08-11,2,01088.HK,中国神华,港股,非规则条件观察-煤炭防守承接,8月10日低42.58进入计划区并收44.18、涨2.79%；单日加速后只等深回踩，不追煤炭高潮。,回踩43.30-43.70不破，尾盘重新站回44.00；高开超过3%或煤炭冲高回落不追。,跌破42.90降级，放量跌破42.50失效；煤炭板块无扩散则放弃。,43.88,-0.68%,否,否,未命中,开44.18/高45.00/低43.84/收43.88；最低价未进入43.30-43.70计划区，且收盘低于44.00确认位，方向和执行条件均未兑现。数据：Yahoo Finance日线（2026-08-11）。,是
2026-08-11,2026-08-12,1,00005.HK,汇丰控股,港股,非规则条件观察-金融防守承接,8月11日进入计划区但未完成尾盘确认；恒指回落且美债收益率高位，只保留更低位置的防守观察。,回踩160.80-161.30不破，尾盘重新站回161.80；高开超过3%不追。,跌破160.20降级，放量跌破159.50失效；银行板块弱于恒指则放弃。,160.60,-0.19%,否,否,未命中,开160.20/高161.20/低159.80/收160.60。进入160.80-161.30计划区后跌破160.20降级线，收盘未站回161.80确认位；低点尚未跌破159.50深失效位，记未命中但未失效。数据日期：2026-08-12；来源：东方财富港股日线行情。,是
2026-08-13,2026-08-14,1,00005.HK,汇丰控股,港股,非规则条件观察-金融修复确认,8月13日收163.00、涨1.48%，从前日降级区修复；但连续预测曾失准，只接受分歧回踩，不作正式规则票。,回踩161.80-162.30不破，尾盘重新站回163.10；高开超过3%不追。,跌破161.20降级，放量跌破160.50失效；银行板块弱于恒指则放弃。,160.80,-1.35%,否,否,未命中,开162.80、高162.80、低160.60、收160.80。进入161.80-162.30计划区后跌破161.20降级线，收盘未站回163.10；最低160.60仍高于160.50深失效位，记未命中但未深失效。数据日期：2026-08-14；来源：东方财富与Yahoo Finance港股日线。,是
2026-08-17,2026-08-18,1,00941.HK,中国移动,港股,非规则条件观察-电讯低波承接,8月17日收82.40、涨0.43%，盘中冲高84后回落；只接受低位承接，避免追逐长上影。,回踩81.90-82.20不破，尾盘重新站回82.60；高开超过3%不追。,跌破81.50降级，放量跌破81.00失效；电讯弱于恒指或再度冲高回落则放弃。,,,,,待复盘,,是
2026-08-17,2026-08-18,2,00005.HK,汇丰控股,港股,非规则条件观察-金融修复承接,8月17日收163.50、涨1.68%，从8月14日降级区修复；因前次预测失败，仅观察二次回踩。,回踩162.20-162.80不破，尾盘重新站回163.60；高开超过3%不追。,跌破161.60降级，放量跌破160.80失效；银行弱于恒指则放弃。,,,,,待复盘,,是
